{
    "best_model": "RandomForest",
    "best_model_metrics": {
        "model_name": "RandomForest",
        "accuracy": 0.8315,
        "precision": 0.8257,
        "recall": 0.8824,
        "f1_score": 0.8531,
        "roc_auc": 0.9213,
        "classification_report": {
            "0": {
                "precision": 0.84,
                "recall": 0.7682926829268293,
                "f1-score": 0.802547770700637,
                "support": 82.0
            },
            "1": {
                "precision": 0.8256880733944955,
                "recall": 0.8823529411764706,
                "f1-score": 0.8530805687203792,
                "support": 102.0
            },
            "accuracy": 0.8315217391304348,
            "macro avg": {
                "precision": 0.8328440366972477,
                "recall": 0.8253228120516499,
                "f1-score": 0.8278141697105081,
                "support": 184.0
            },
            "weighted avg": {
                "precision": 0.8320662145991224,
                "recall": 0.8315217391304348,
                "f1-score": 0.8305605174289724,
                "support": 184.0
            }
        }
    },
    "all_models": {
        "LogisticRegression": {
            "model_name": "LogisticRegression",
            "accuracy": 0.8261,
            "precision": 0.8182,
            "recall": 0.8824,
            "f1_score": 0.8491,
            "roc_auc": 0.9065,
            "classification_report": {
                "0": {
                    "precision": 0.8378378378378378,
                    "recall": 0.7560975609756098,
                    "f1-score": 0.7948717948717948,
                    "support": 82.0
                },
                "1": {
                    "precision": 0.8181818181818182,
                    "recall": 0.8823529411764706,
                    "f1-score": 0.8490566037735849,
                    "support": 102.0
                },
                "accuracy": 0.8260869565217391,
                "macro avg": {
                    "precision": 0.828009828009828,
                    "recall": 0.8192252510760402,
                    "f1-score": 0.8219641993226898,
                    "support": 184.0
                },
                "weighted avg": {
                    "precision": 0.8269415660720008,
                    "recall": 0.8260869565217391,
                    "f1-score": 0.8249090258934394,
                    "support": 184.0
                }
            }
        },
        "RandomForest": {
            "model_name": "RandomForest",
            "accuracy": 0.8315,
            "precision": 0.8257,
            "recall": 0.8824,
            "f1_score": 0.8531,
            "roc_auc": 0.9213,
            "classification_report": {
                "0": {
                    "precision": 0.84,
                    "recall": 0.7682926829268293,
                    "f1-score": 0.802547770700637,
                    "support": 82.0
                },
                "1": {
                    "precision": 0.8256880733944955,
                    "recall": 0.8823529411764706,
                    "f1-score": 0.8530805687203792,
                    "support": 102.0
                },
                "accuracy": 0.8315217391304348,
                "macro avg": {
                    "precision": 0.8328440366972477,
                    "recall": 0.8253228120516499,
                    "f1-score": 0.8278141697105081,
                    "support": 184.0
                },
                "weighted avg": {
                    "precision": 0.8320662145991224,
                    "recall": 0.8315217391304348,
                    "f1-score": 0.8305605174289724,
                    "support": 184.0
                }
            }
        },
        "XGBoost": {
            "model_name": "XGBoost",
            "accuracy": 0.837,
            "precision": 0.8462,
            "recall": 0.8627,
            "f1_score": 0.8544,
            "roc_auc": 0.8949,
            "classification_report": {
                "0": {
                    "precision": 0.825,
                    "recall": 0.8048780487804879,
                    "f1-score": 0.8148148148148148,
                    "support": 82.0
                },
                "1": {
                    "precision": 0.8461538461538461,
                    "recall": 0.8627450980392157,
                    "f1-score": 0.8543689320388349,
                    "support": 102.0
                },
                "accuracy": 0.8369565217391305,
                "macro avg": {
                    "precision": 0.835576923076923,
                    "recall": 0.8338115734098518,
                    "f1-score": 0.8345918734268248,
                    "support": 184.0
                },
                "weighted avg": {
                    "precision": 0.8367265886287625,
                    "recall": 0.8369565217391305,
                    "f1-score": 0.8367415537107389,
                    "support": 184.0
                }
            }
        },
        "Ensemble": {
            "model_name": "Ensemble",
            "accuracy": 0.837,
            "precision": 0.8396,
            "recall": 0.8725,
            "f1_score": 0.8558,
            "roc_auc": 0.9192,
            "classification_report": {
                "0": {
                    "precision": 0.8333333333333334,
                    "recall": 0.7926829268292683,
                    "f1-score": 0.8125,
                    "support": 82.0
                },
                "1": {
                    "precision": 0.839622641509434,
                    "recall": 0.8725490196078431,
                    "f1-score": 0.8557692307692307,
                    "support": 102.0
                },
                "accuracy": 0.8369565217391305,
                "macro avg": {
                    "precision": 0.8364779874213837,
                    "recall": 0.8326159732185557,
                    "f1-score": 0.8341346153846154,
                    "support": 184.0
                },
                "weighted avg": {
                    "precision": 0.8368197976483458,
                    "recall": 0.8369565217391305,
                    "f1-score": 0.8364862040133779,
                    "support": 184.0
                }
            }
        },
        "Stacking": {
            "model_name": "Stacking",
            "accuracy": 0.8261,
            "precision": 0.8365,
            "recall": 0.8529,
            "f1_score": 0.8447,
            "roc_auc": 0.9197,
            "classification_report": {
                "0": {
                    "precision": 0.8125,
                    "recall": 0.7926829268292683,
                    "f1-score": 0.8024691358024691,
                    "support": 82.0
                },
                "1": {
                    "precision": 0.8365384615384616,
                    "recall": 0.8529411764705882,
                    "f1-score": 0.8446601941747572,
                    "support": 102.0
                },
                "accuracy": 0.8260869565217391,
                "macro avg": {
                    "precision": 0.8245192307692308,
                    "recall": 0.8228120516499282,
                    "f1-score": 0.8235646649886132,
                    "support": 184.0
                },
                "weighted avg": {
                    "precision": 0.8258256688963211,
                    "recall": 0.8260869565217391,
                    "f1-score": 0.825857657291455,
                    "support": 184.0
                }
            }
        }
    }
}